Tweets,Sentiment
reading user manual for xiaomi redmi note 10,neutral
The network on Oppo Reno 9 Pro performs excellently according to my testing,positive
The speed on Huawei Enjoy 60 is disappointing based on daily usage,negative
The software on Xiaomi Mi 13 Pro seems dseemsappointing,negative
OnePlus OnePlus 10T battery performance exceeds expectations with 80W wireless charging overall,positive
The screen on Xiaomi Redmi Note 13 Pro Max performs excellently compared to previous models,positive
I think setting up vivo x80 pro for the first time,neutral
I think purchasing accessories for samsung galaxy s23 plus,neutral
the charging on vivo s17 performs excellently,positive
Researching Xiaomi Redmi 10A reviews before buying,neutral
The calls on Realme Narzo 60 Pro is disappointing after using for a week,negative
The fingerprint on Samsung Galaxy S24 Plus is disappointing based on daily usage,negative
I think comparing vivo s16 specifications with other models featuring zeiss optics,neutral
Installing updates on Samsung Galaxy M14 based on daily usage,neutral
Realme C35 has significant battery drain issues despite having 108MP camera overall,negative
Comparing Xiaomi Redmi 13C specifications with other models,neutral
Impressive low light photography with Vivo X80 Pro according to my testing,positive
Exploring settings and features on Google Pixel 4,neutral
Screen brightness on Apple iPhone 11 Pro seems insufficient outdoors,negative
installing updates on xiaomi mi 10 ultra,neutral
The build quality on Apple iPhone 14 Plus is disappointing after using for a week,negative
I think the software on google pixel 8 pro is disappointing,negative
I think the wireless charging on huawei mate 60 pro performs excellently,positive
Setting up OnePlus OnePlus 8 Pro for the first time featuring Snapdragon 8 Gen 2 compared to previous models,neutral
Benchmark scores on Huawei Mate 60 are disappointing despite having 50MP camera in my experience,negative
The connectivity on Huawei Enjoy 70 performs excellently compared to previous models,positive
The videos on Google Pixel 4a 5G is disappointing compared to previous models,negative
Checking warranty information for Google Pixel 3a XL,neutral
The durability on Realme GT 5 Pro is disappointing,negative
The photos on Xiaomi Redmi 10A is disappointing,negative
Setting up Realme C67 for the first time after using for a week,neutral
The software on Vivo T2 performs excellently in my experience,positive
I think the audio on xiaomi mi 11 is disappointing,negative
Comparing Huawei Nova 11 specifications with other models,neutral
Installing updates on Huawei MatePad Pro compared to previous models,neutral
The UI on Oppo Find X7 Ultra is disappointing according to my testing,negative
Graphics quality on Vivo Y100 is severely limited after using for a week,negative
the storage on oneplus oneplus 7 performs excellently with hasselblad camera,positive
I think the software on google pixel 6 pro performs excellently,positive
Transferring data to new Xiaomi Redmi 10A in my experience,neutral
The speed on Sony Xperia 1 V seems dseemsappointing,negative
The videos on Oppo Reno 11 performs excellently after using for a week,positive
The calls on Huawei P60 Pro performs excellently with Snapdragon 8 Plus Gen 1 according to my testing,positive
the software on xiaomi mi 10 pro performs excellently with miui 14,positive
The calls on xiaomi redmi note 11 pro performs excellently with miui 13,positive
Researching Motorola Moto G24 reviews before buying featuring 125W charging,neutral
The charging on Nothing Phone 1 is disappointing,negative
My calls on OnePlus OnePlus Nord 3 performs excellently,positive
Transferring data to new OnePlus OnePlus 8 Pro,neutral
Installing updates on oneplus oneplus 11 featuring 50mp camera,neutral
Installing updates on realme gt neo 5,neutral
My value on Apple iPhone 14 Pro Max is disappointing,negative
The RAM on Huawei Enjoy 60 performs excellently with Leica camera,positive
The charging on Huawei Y60 seems dseemsappointing,negative
Transferring data to new motorola razr 50 ultra featuring 50mp camera,neutral
the charging on huawei nova 12 is disappointing,negative
The screen on Oppo Reno 10 is disappointing,negative
The screen on Oppo Find X5 Pro performs excellently with MediaTek Dimensity 8050 after using for a week,positive
Comparing Oppo Find X5 specifications with other models after using for a week,neutral
I think the fingerprint on vivo x80 is disappointing despite having 120w charging,negative
the build quality on huawei p50 is disappointing,negative
the speed on oppo reno 10 performs excellently with hasselblad partnership,positive
Exploring settings and features on Oppo Find X5 Pro featuring 100W charging in my experience,neutral
The network on OnePlus OnePlus 9 Pro performs excellently based on daily usage,positive
Purchasing accessories for Apple iPhone 12 mini in my experience,neutral
The ui on google pixel 6 pro performs excellently,positive
Installing updates on Xiaomi Mi 11 featuring 200MP camera after using for a week,neutral
The connectivity on google pixel 7 performs excellently with android 14,positive
the apps on sony xperia 10 iv performs excellently,positive
The design on Motorola Edge 50 Ultra is disappointing in my experience,negative
The storage on Motorola Moto G54 performs excellently after using for a week,positive
Purchasing accessories for Samsung Galaxy Note 20 Ultra overall,neutral
the screen size and quality on sony xperia 1 v is ideal,positive
My apps on Google Pixel 7a performs excellently with Android 14,positive
Reading user manual for Vivo Y56 based on daily usage,neutral
The wireless charging on Motorola Moto G24 performs excellently in my experience,positive
Installing updates on Apple iPhone 13 Pro overall,neutral
Setting up OnePlus OnePlus 9 for the first time featuring 50MP camera,neutral
The videos on Huawei Nova 11 Pro is disappointing despite having 50MP camera,negative
Checking warranty information for huawei mate 50 pro,neutral
Installing updates on Google Pixel Fold featuring Pure Android according to my testing,neutral
The speakers on Samsung Galaxy S21 is disappointing according to my testing,negative
The camera app on Vivo X80 is buggy and crashes despite having 50MP camera,negative
The Xiaomi Mi 11 Pro battery charges quickly and lasts long after using for a week,positive
The wireless charging on Huawei Enjoy 60 performs excellently according to my testing,positive
The face unlock on oppo a78 is disappointing,negative
The processor on Samsung Galaxy Note 20 Ultra performs excellently,positive
Transferring data to new Google Pixel 7 Pro according to my testing,neutral
The price on Huawei Nova 11 Pro performs excellently with Leica camera in my experience,positive
The storage on Xiaomi Redmi Note 12 seems dseemsappointing,negative
Autofocus on samsung galaxy z fold 5 camera is slow and inaccurate despite having snapdragon 8 gen 3,negative
the face unlock on samsung galaxy s23 is disappointing,negative
I think setting up vivo t2 pro for the first time,neutral
The screen size and quality on Realme C67 is ideal with Realme UI 5 in my experience,positive
Checking warranty information for Samsung Galaxy S21 compared to previous models,neutral
The screen on Realme Narzo 60 Pro is disappointing in my experience,negative
The value on Apple iPhone 11 Pro Max is disappointing despite having Lightning port according to my testing,negative
The audio on realme c67 is disappointing,negative
The charging on Xiaomi Redmi 8A is disappointing despite having MediaTek Dimensity 7050 overall,negative
The videos on Realme 11 Pro is disappointing compared to previous models,negative
